,0
0,0.019896448
1,0.015048951
2,0.020585075
3,0.018681765
4,0.008043483
5,0.041237652
6,0.092536226
7,0.105370715
8,0.090869606
9,0.062358588
10,0.045387894
11,0.0015169978
12,0.0030760765
13,0.05292797
14,0.093061686
15,0.11258528
16,0.099408165
17,0.10542816
18,0.037960857
19,0.019305632
20,-0.00034296513
21,0.055146724
22,0.08916354
23,0.06864697
24,0.019391313
25,0.017482147
26,0.017002791
27,0.0073300153
28,0.010538235
29,0.019966215
30,0.024353161
31,0.019136786
32,0.027595699
33,0.017810911
34,0.013710991
35,0.008941382
36,0.00835973
37,0.023330659
38,0.035917476
39,0.036548153
40,0.028342083
41,0.026847333
42,0.013601184
43,0.009179354
44,0.0080126375
45,0.030027926
46,0.039778233
47,0.04122497
48,0.04191971
49,0.051588774
50,0.011522457
51,0.009184599
52,0.009461224
53,0.052642196
54,0.10875508
55,0.14133172
56,0.10030212
57,0.07272747
58,0.050464764
59,0.0032811463
60,0.0018197596
61,0.060600683
62,0.14509106
63,0.2433079
64,0.20939821
65,0.16259466
66,0.07496099
67,0.01739791
68,0.0033874214
69,0.049815
70,0.07303807
71,0.06373513
72,0.078749925
73,0.07245149
74,0.018141508
75,0.0072931647
76,0.0032896698
77,0.041973174
78,0.09881115
79,0.06850511
80,0.04263088
81,0.049253613
82,0.026161984
83,0.025225818
84,0.003868118
85,0.036639586
86,0.049365073
87,0.036005676
88,0.021750152
89,0.013421267
90,0.018696204
91,0.014053881
92,0.008300409
93,0.024097785
94,0.05701667
95,0.02707927
96,0.014877945
97,0.021130204
98,0.032057375
99,0.011241317
100,0.008285493
101,0.059568793
102,0.10733695
103,0.20623364
104,0.1743649
105,0.13459583
106,0.07423249
107,0.015992433
108,0.0011802614
109,0.09109095
110,0.17538106
111,0.08873545
112,0.078964815
113,0.028221756
114,0.03310381
115,0.010184258
116,0.005511105
117,0.042460367
118,0.070819646
119,0.078825444
120,0.10539575
121,0.06304218
122,0.07248458
123,0.0069342554
124,0.004258424
125,0.03459151
126,0.06446536
127,0.099214114
128,0.100545645
129,0.08915976
130,0.09627353
131,0.022552207
132,0.012088805
133,0.026537254
134,0.07988162
135,0.14412776
136,0.14699465
137,0.15374157
138,0.16562
139,0.12208903
140,0.038128555
141,0.010549277
142,0.016027808
143,0.03674388
144,0.101609565
145,0.25405732
146,0.34758496
147,0.34956947
148,0.29305458
149,0.15603134
150,0.03699051
151,0.0038761795
152,0.03420745
153,0.12929142
154,0.27345634
155,0.3720848
156,0.35771275
157,0.30355528
158,0.16002467
159,0.03995569
160,0.0029076636
161,0.030102566
162,0.044154495
163,0.12803361
164,0.2826256
165,0.3641035
166,0.35483068
167,0.30121276
168,0.15753227
169,0.040535063
170,0.005176574
171,0.02622196
172,0.04287398
173,0.05840978
174,0.069643795
175,0.064029604
176,0.017450705
177,0.021265209
178,0.022793025
179,0.02607593
180,0.008517072
181,0.015177637
182,0.043094873
183,0.06324424
184,0.054173857
185,0.044600695
186,0.03337896
187,0.005823463
188,0.007407889
189,0.025808632
190,0.046922237
191,0.05954653
192,0.05482921
193,0.067695305
194,0.04635051
195,0.005079642
196,0.007011503
197,0.027947813
198,0.05188851
199,0.06396912
200,0.07495716
201,0.039921
202,0.022910684
203,0.0068033338
204,0.006041527
205,0.014669001
206,0.015651405
207,0.038790137
208,0.06165898
209,0.08174008
210,0.09151095
211,0.047171056
212,0.05997929
213,0.014763132
214,0.0031244755
215,0.013539746
216,0.02204986
217,0.036969796
218,0.050627947
219,0.042402655
220,0.033903405
221,0.059777975
222,0.039301664
223,0.013988972
224,0.0067313313
225,0.008206397
226,0.04668039
227,0.135832
228,0.20934525
229,0.16481471
230,0.11999259
231,0.09884319
232,0.04861763
233,0.008141831
234,0.009516478
235,0.041183025
236,0.15293407
237,0.27206615
238,0.3245821
239,0.30205286
240,0.23498756
241,0.11266215
242,0.048079506
243,0.0062505007
244,0.015289515
245,0.035640165
246,0.03657794
247,0.036159873
248,0.036358416
249,0.03848268
250,0.039317966
251,0.034264624
252,0.01406309
253,0.013986409
254,0.0077136457
255,0.016723707
256,0.031110883
257,0.038749352
258,0.04531735
259,0.05471684
260,0.06587055
261,0.02459079
262,0.012374908
263,0.004993975
264,0.013719887
265,0.024923429
266,0.040514708
267,0.071594566
268,0.056248426
269,0.08558278
270,0.10043079
271,0.05564189
272,0.015995204
273,0.012025595
274,0.032527268
275,0.037804484
276,0.05484304
277,0.050385
278,0.046299398
279,0.05166872
280,0.018808603
281,0.009749591
282,0.0060204715
283,0.02875714
284,0.18807362
285,0.3397115
286,0.39803374
287,0.33359265
288,0.17862241
289,0.13979267
290,0.060656548
291,0.004212767
292,0.009728223
293,0.045332223
294,0.09540072
295,0.13885614
296,0.12833442
297,0.067989975
298,0.0451895
299,0.037381187
300,0.011823744
301,0.010342389
302,0.008444756
303,0.024682522
304,0.07610738
305,0.120277844
306,0.13054156
307,0.14404985
308,0.11908604
309,0.09344122
310,0.049446642
311,0.008798003
312,0.002333343
313,0.0375413
314,0.06704271
315,0.07854709
316,0.10000337
317,0.0594714
318,0.07036048
319,0.037526667
320,0.010461956
321,0.00277403
322,0.013879314
323,0.038209707
324,0.17218938
325,0.26299196
326,0.30626622
327,0.3133487
328,0.2242442
329,0.09774323
330,0.067536026
331,0.013363779
332,-0.002779603
333,0.044202358
334,0.098813266
335,0.07642044
336,0.08704454
337,0.05690363
338,0.058370948
339,0.031472236
340,0.017114297
341,0.0046666265
342,0.007944524
343,0.032387853
344,0.10669084
345,0.17618647
346,0.14006801
347,0.22095937
348,0.2686082
349,0.08644894
350,0.072148174
351,0.010479689
352,-0.0023159385
353,0.037194535
354,0.040034026
355,0.0351007
356,0.07731897
357,0.075941324
358,0.09635267
359,0.041225225
360,0.030219585
361,0.0009382218
362,0.00760442
363,0.053287625
364,0.203547
365,0.23271573
366,0.1865488
367,0.28761
368,0.21432199
369,0.10841496
370,0.0528014
371,0.015788257
372,0.0031822026
373,0.04991792
374,0.113475725
375,0.19630581
376,0.2617742
377,0.3814637
378,0.34520453
379,0.23896176
380,0.11035852
381,0.012828857
382,0.008075714
383,0.08631
384,0.24378999
385,0.34990424
386,0.29385823
387,0.3456498
388,0.3113587
389,0.20647198
390,0.13145201
391,0.030808836
392,-0.0048148334
393,0.093401015
394,0.29507735
395,0.41335556
396,0.47129285
397,0.47613052
398,0.43729472
399,0.3256963
400,0.18008809
401,0.024053305
402,-0.0015995353
403,0.094665274
404,0.3009507
405,0.42144468
406,0.4848065
407,0.4794881
408,0.43874806
409,0.33318317
410,0.18666674
411,0.028127179
412,-0.004486114
413,0.09384617
414,0.2992924
415,0.41181934
416,0.47520953
417,0.46759486
418,0.4170947
419,0.2886656
420,0.1555563
421,0.024963915
422,0.0009945929
423,0.09102756
424,0.26878682
425,0.40433857
426,0.4531473
427,0.46898884
428,0.42751694
429,0.2844398
430,0.1495701
431,0.028807744
432,-0.00023673475
433,0.10473931
434,0.29832214
435,0.40508237
436,0.4410485
437,0.44719666
438,0.41145003
439,0.30762732
440,0.17503022
441,0.025302857
442,0.001174748
443,0.09172161
444,0.29457462
445,0.4024466
446,0.3652386
447,0.31935254
448,0.27147427
449,0.22907495
450,0.13858657
451,0.025387347
452,0.0033574104
453,0.09112653
454,0.24391864
455,0.3204223
456,0.42822236
457,0.41179654
458,0.40664327
459,0.31487
460,0.20926858
461,0.0406003
462,-0.0023428202
463,0.06998579
464,0.20663196
465,0.28982562
466,0.31557873
467,0.35570538
468,0.3203951
469,0.16637309
470,0.11219477
471,0.03769523
472,-0.0006389171
473,0.041054755
474,0.11541137
475,0.15761957
476,0.15306792
477,0.20052032
478,0.19717088
479,0.070381075
480,0.08661389
481,0.025945649
482,-0.00055225194
483,0.12237553
484,0.34162349
485,0.44279963
486,0.50290215
487,0.50504184
488,0.46194416
489,0.35719088
490,0.2179343
491,0.05760622
492,-0.005706772
493,0.024116054
494,0.05467838
495,0.17188767
496,0.37161586
497,0.4577744
498,0.505324
499,0.4992036
500,0.43088195
501,0.32473361
502,0.19352879
503,0.06362066
504,-0.004585877
505,0.022906333
506,0.053863347
507,0.1699789
508,0.37343585
509,0.45463997
510,0.50611967
511,0.4994663
512,0.46032637
513,0.3647508
514,0.22987115
515,0.05897072
516,-0.0067252815
517,0.023197532
518,0.05812031
519,0.18514615
520,0.3767354
521,0.45806262
522,0.4985081
523,0.5008227
524,0.46180177
525,0.36009797
526,0.23619473
527,0.065757886
528,-0.0059485435
529,0.01878652
530,0.06074235
531,0.1986041
532,0.3857108
533,0.46745798
534,0.51489234
535,0.506343
536,0.46327496
537,0.36334068
538,0.22469856
539,0.06354332
540,-0.004956633
541,0.01981245
542,0.0640119
543,0.15312088
544,0.118438646
545,0.22020584
546,0.27079505
547,0.12655056
548,0.08828609
549,0.066367775
550,0.04179758
551,0.027996778
552,-0.0015892684
553,0.016310796
554,0.03919512
555,0.06254998
556,0.13152167
557,0.050976813
558,0.049204186
559,0.05707784
560,0.028398842
561,0.0098569095
562,0.0047549307
563,0.016125903
564,0.10174888
565,0.1618513
566,0.15214272
567,0.09267114
568,0.057942897
569,0.06354834
570,0.04400468
571,0.031901777
572,0.0034427494
573,0.009944916
574,0.024528503
575,0.05460322
576,0.08538863
577,0.06600566
578,0.029492095
579,0.06415649
580,0.07043901
581,0.053723335
582,0.028524429
583,0.002375871
584,0.015950307
585,0.12183258
586,0.07478978
587,0.17799446
588,0.25406805
589,0.37177184
590,0.2610758
591,0.257873
592,0.13183728
593,0.054349273
594,0.004772693
595,0.015496209
596,0.047228336
597,0.10360098
598,0.23784176
599,0.28369367
600,0.33870977
601,0.3317732
602,0.3730734
603,0.27932552
604,0.1750746
605,0.033359617
606,0.018097296
607,0.014777154
608,0.04797238
609,0.08119792
610,0.12677003
611,0.164617
612,0.13859528
613,0.054461718
614,0.07071188
615,0.054870978
616,0.046671957
617,0.0150105655
618,0.005428508
619,0.0055501163
620,0.026659817
621,0.16604836
622,0.24932931
623,0.22120167
624,0.35419068
625,0.30688947
626,0.33065328
627,0.255307
628,0.18874875
629,0.07934843
630,0.0073407292
631,0.008751839
632,0.06089315
633,0.19859144
634,0.37021965
635,0.35723245
636,0.4147653
637,0.27011603
638,0.2961949
639,0.2770924
640,0.073879525
641,0.016045302
642,0.030235589
643,0.019777551
644,0.034725085
645,0.07439858
646,0.1067155
647,0.17178638
648,0.21322478
649,0.16884898
650,0.14697447
651,0.23998268
652,0.11068301
653,0.05432783
654,0.0050602853
655,0.015520841
656,0.03996378
657,0.09456606
658,0.13735321
659,0.17193289
660,0.104414165
661,0.27339682
662,0.29112953
663,0.1882417
664,0.11825256
665,0.036117077
666,0.028393343
667,-0.0031399727
668,0.04772064
669,0.11717853
670,0.19819032
671,0.2503491
672,0.3083194
673,0.25753474
674,0.285248
675,0.25187972
676,0.14560317
677,0.050946042
678,0.018036216
679,0.003939688
680,0.056194216
681,0.14606678
682,0.22078155
683,0.2744298
684,0.25580657
685,0.23757
686,0.20248744
687,0.099414095
688,0.073031634
689,0.016911745
690,0.0017787218
691,0.019910932
692,0.03816779
693,0.06060949
694,0.092434615
695,0.13696563
696,0.10924849
697,0.1402971
698,0.14296207
699,0.16416469
700,0.09981695
701,0.030204862
702,0.014953554
703,0.011298999
704,0.02678594
705,0.038887456
706,0.035060555
707,0.044929028
708,0.076981425
709,0.104693115
710,0.14787847
711,0.34372368
712,0.23875812
713,0.1092464
714,0.023725063
715,0.0053980947
716,0.046978474
717,0.05753678
718,0.06460284
719,0.07850163
720,0.056543708
721,0.08181423
722,0.10562342
723,0.05929935
724,0.021908343
725,0.009703934
726,0.013855815
727,0.018214464
728,0.06763576
729,0.17758536
730,0.17243183
731,0.082259595
732,0.10406293
733,0.090778306
734,0.09318882
735,0.077601686
736,0.081239104
737,0.01434283
738,0.0055139363
739,0.055805206
740,0.20257255
741,0.29623204
742,0.36728942
743,0.39351535
744,0.37875354
745,0.276572
746,0.16048878
747,0.109116636
748,0.0063595027
749,0.05881405
750,-0.006657213
751,0.09036738
752,0.28430256
753,0.3467763
754,0.28965467
755,0.26530457
756,0.36948383
757,0.38900885
758,0.34318596
759,0.27638257
760,0.11844823
761,0.02255562
762,-0.0023127943
763,0.114238806
764,0.32770714
765,0.43596983
766,0.5112975
767,0.48647007
768,0.37325495
769,0.18013251
770,0.11515795
771,0.082812995
772,0.0637864
773,0.006853223
774,0.00051768124
775,0.09110016
776,0.22410081
777,0.30619714
778,0.25965622
779,0.36650234
780,0.2890808
781,0.28717947
782,0.2021418
783,0.10756349
784,0.054265305
785,0.011978835
786,0.0071103126
787,0.11693992
788,0.27399632
789,0.33183494
790,0.38596225
791,0.4169474
792,0.44299808
793,0.45523053
794,0.37806922
795,0.26855162
796,0.12707725
797,0.019584954
798,-0.0011318326
799,0.094047755
800,0.20926648
801,0.32366842
802,0.47925717
803,0.56147146
804,0.57285047
805,0.5403833
806,0.43875837
807,0.3081679
808,0.13614477
809,0.022888064
810,-0.0011035502
811,0.06474392
812,0.10872495
813,0.11917451
814,0.112375535
815,0.12415528
816,0.15978575
817,0.15667099
818,0.07279758
819,0.047937438
820,0.039478943
821,0.010232329
822,0.0019502938
823,0.024177283
824,0.112060055
825,0.3286792
826,0.42044485
827,0.4938588
828,0.48462135
829,0.5062933
830,0.52537966
831,0.4733572
832,0.34850478
833,0.16971199
834,0.03126499
835,-0.0061793476
836,0.04765603
837,0.1320572
838,0.17614174
839,0.34772113
840,0.406221
841,0.4328432
842,0.43130115
843,0.32429725
844,0.25088447
845,0.11324301
846,0.064020425
847,0.012394041
848,0.013846144
849,0.03165245
850,0.12705675
851,0.26409996
852,0.24601889
853,0.24841444
854,0.28975934
855,0.3525987
856,0.2880771
857,0.22956231
858,0.17331359
859,0.10151364
860,0.01909928
861,0.009612605
862,0.024464712
863,0.11150165
864,0.20893018
865,0.3430097
866,0.3385812
867,0.21584055
868,0.22284715
869,0.21423486
870,0.16090259
871,0.10025053
872,0.05604893
873,0.014406979
874,0.00257954
875,0.06282744
876,0.13532737
877,0.19466025
878,0.23945771
879,0.27709016
880,0.22061414
881,0.322048
882,0.2824734
883,0.15550484
884,0.07693994
885,0.049885392
886,-0.00702627
887,0.027612805
888,0.1871822
889,0.36980522
890,0.47182426
891,0.5519116
892,0.5906769
893,0.59742504
894,0.55011404
895,0.45773774
896,0.33439738
897,0.16588362
898,0.040106848
899,-0.0049722046
900,0.04414472
901,0.17455678
902,0.34199348
903,0.46251717
904,0.53703797
905,0.5904938
906,0.5692078
907,0.49155042
908,0.42693684
909,0.2742187
910,0.13180025
911,0.03450486
912,0.0012363493
913,0.04269187
914,0.13890868
915,0.22320144
916,0.29115158
917,0.3814426
918,0.42707723
919,0.4910909
920,0.44622263
921,0.40497702
922,0.3178643
923,0.15458176
924,0.040572196
925,0.001259923
926,0.042749837
927,0.20154953
928,0.37411234
929,0.47843486
930,0.56100714
931,0.5938054
932,0.607138
933,0.54221445
934,0.45144123
935,0.3270036
936,0.1653422
937,0.041129753
938,-0.0016086549
939,0.04072182
940,0.15169625
941,0.16977051
942,0.094563305
943,0.14592567
944,0.28047383
945,0.37053567
946,0.36969948
947,0.28292656
948,0.09571236
949,0.0399158
950,0.012198955
951,0.027521402
952,0.025434643
953,0.10585909
954,0.17911237
955,0.25916132
956,0.31135428
957,0.4472744
958,0.36456066
959,0.33112144
960,0.2289474
961,0.18947166
962,0.05602467
963,0.026320428
964,0.021425813
965,0.008073762
966,0.040873438
967,0.13152876
968,0.23836313
969,0.3259138
970,0.4749743
971,0.48372784
972,0.33139008
973,0.3083291
974,0.28952742
975,0.18052366
976,0.109888904
977,0.043316394
978,0.0035945028
979,0.016893297
980,0.06995988
981,0.25888878
982,0.39665216
983,0.49670216
984,0.576241
985,0.59525645
986,0.5564228
987,0.44311368
988,0.30615327
989,0.19531247
990,0.07949464
991,0.02118203
992,0.009202838
993,0.040049776
994,0.11003259
995,0.1933353
996,0.3396312
997,0.4521382
998,0.37288946
999,0.38741565
1000,0.3678056
1001,0.38530907
1002,0.28688663
1003,0.10873178
1004,0.058577165
1005,0.0051336884
1006,0.018123463
1007,0.06012854
1008,0.17076375
1009,0.32439852
1010,0.40461195
1011,0.48655418
1012,0.52561677
1013,0.55650383
1014,0.46375406
1015,0.3502146
1016,0.21620575
1017,0.12125644
1018,0.043117404
1019,-0.0031595975
1020,0.0371885
1021,0.06906557
1022,0.078880385
1023,0.102840796
1024,0.13703161
1025,0.1823438
1026,0.240174
1027,0.26098147
1028,0.2136735
1029,0.17957568
1030,0.060104564
1031,0.035005525
1032,-0.0017361641
1033,0.024719879
1034,0.07450716
1035,0.10969639
1036,0.15869138
1037,0.1903957
1038,0.22784737
1039,0.22696292
1040,0.22782081
1041,0.14525597
1042,0.09359838
1043,0.045243844
1044,0.026433975
1045,0.0068280995
1046,0.010911584
1047,0.06775178
1048,0.23144667
1049,0.3796807
1050,0.48516217
1051,0.55067194
1052,0.5842158
1053,0.60333014
1054,0.5714005
1055,0.4918437
1056,0.36750427
1057,0.21986987
1058,0.06374022
1059,-0.0007100105
1060,0.017145514
1061,0.10485768
1062,0.28264856
1063,0.41252568
1064,0.5091306
1065,0.5921526
1066,0.61096764
1067,0.60705924
1068,0.5784808
1069,0.5087904
1070,0.37660792
1071,0.21847361
1072,0.06269601
1073,0.0012749135
1074,0.015750676
1075,0.089023605
1076,0.20300949
1077,0.3356839
1078,0.40317473
1079,0.2893204
1080,0.26841736
1081,0.26812753
1082,0.24023055
1083,0.23723988
1084,0.11434335
1085,0.087409645
1086,0.03747961
1087,0.00947687
1088,0.006831929
1089,0.09085709
1090,0.28341872
1091,0.4061799
1092,0.49352783
1093,0.52125907
1094,0.48278117
1095,0.3717767
1096,0.33053768
1097,0.34627178
1098,0.2538705
1099,0.1412386
1100,0.06565033
1101,0.006797716
1102,0.012927651
1103,0.07899989
1104,0.1626728
1105,0.1972722
1106,0.22117694
1107,0.34110406
1108,0.45453483
1109,0.3480586
1110,0.328873
1111,0.30964124
1112,0.25431973
1113,0.14172514
1114,0.040026143
1115,0.009429291
1116,0.021066621
1117,0.108675554
1118,0.27796277
1119,0.4053635
1120,0.5063175
1121,0.568291
1122,0.6163597
1123,0.6211231
1124,0.5792373
1125,0.4973257
1126,0.355348
1127,0.20107341
1128,0.061363235
1129,0.0012645721
1130,0.018183842
1131,0.11801583
1132,0.2836254
1133,0.40431982
1134,0.506741
1135,0.559703
1136,0.5273411
1137,0.4667564
1138,0.29141852
1139,0.25142214
1140,0.14469603
1141,0.11777428
1142,0.03660518
1143,0.011239767
1144,0.011888042
1145,0.06441793
1146,0.13660805
1147,0.17283154
1148,0.21225673
1149,0.3003797
1150,0.36969104
1151,0.36539134
1152,0.18844293
1153,0.14208184
1154,0.096797645
1155,0.059701264
1156,0.04272282
1157,0.0015082806
1158,0.0037981719
1159,0.10776597
1160,0.28272814
1161,0.40561602
1162,0.5076737
1163,0.5810925
1164,0.60842204
1165,0.6171863
1166,0.5735923
1167,0.49904183
1168,0.36363506
1169,0.22235925
1170,0.06893447
1171,0.0018676221
1172,0.013026148
1173,0.054118946
1174,0.107431695
1175,0.292301
1176,0.41420424
1177,0.5123297
1178,0.58192855
1179,0.60699797
1180,0.6064401
1181,0.5587125
1182,0.4807219
1183,0.35005653
1184,0.19982497
1185,0.069779396
1186,0.0059322715
1187,0.01329343
1188,0.049361408
1189,0.12085213
1190,0.30359942
1191,0.42255425
1192,0.5167686
1193,0.58284116
1194,0.6073193
1195,0.6037226
1196,0.5559949
1197,0.48423913
1198,0.3556095
1199,0.22148892
1200,0.073325396
1201,0.006897703
1202,0.009944946
1203,0.050658867
1204,0.1215438
1205,0.29540923
1206,0.41943124
1207,0.51410127
1208,0.57865393
1209,0.6002847
1210,0.6004238
1211,0.54480696
1212,0.48203295
1213,0.3560078
1214,0.21709424
1215,0.0768577
1216,0.0065571964
1217,0.008968249
1218,0.055487543
1219,0.12760231
1220,0.27425903
1221,0.4194819
1222,0.510828
1223,0.58033997
1224,0.60227954
1225,0.5789062
1226,0.5526267
1227,0.47344834
1228,0.34981066
1229,0.20978671
1230,0.06698486
1231,0.008722097
1232,0.012712628
1233,0.05034478
1234,0.09625439
1235,0.17557392
1236,0.27512264
1237,0.3922645
1238,0.49278846
1239,0.5592681
1240,0.5447938
1241,0.4794422
1242,0.41742587
1243,0.2944342
1244,0.15699397
1245,0.0587862
1246,0.018263027
1247,0.009971261
1248,0.04049346
1249,0.095897585
1250,0.26326862
1251,0.40847528
1252,0.50493866
1253,0.53065884
1254,0.57392216
1255,0.4623323
1256,0.2955678
1257,0.18900913
1258,0.17886779
1259,0.028394744
1260,-0.0023722649
1261,0.05071707
1262,0.030870229
1263,0.0678989
1264,0.09744418
1265,0.19334923
1266,0.3840594
1267,0.439203
1268,0.22681151
1269,0.079717994
1270,0.15155283
1271,0.070368946
1272,0.17318866
1273,0.14086135
1274,0.027252257
1275,0.019969642
1276,0.019788444
1277,0.02423893
1278,0.09979561
1279,0.20422061
1280,0.36594275
1281,0.47861934
1282,0.4912405
1283,0.47232574
1284,0.427322
1285,0.34391433
1286,0.31657872
1287,0.31263673
1288,0.16760018
1289,0.046180755
1290,0.025856808
1291,0.008476496
1292,0.065948784
1293,0.15999569
1294,0.26550782
1295,0.29485118
1296,0.35994914
1297,0.40825886
1298,0.39101592
1299,0.36598164
1300,0.29565832
1301,0.1833255
1302,0.10281394
1303,0.051806748
1304,0.009165719
1305,0.00911656
1306,0.039551675
1307,0.08442658
1308,0.11295593
1309,0.15822259
1310,0.19359581
1311,0.26580182
1312,0.31052554
1313,0.27320743
1314,0.26107293
1315,0.27408874
1316,0.23446825
1317,0.15894325
1318,0.06001079
1319,0.022453815
1320,0.0021861196
1321,0.038327694
1322,0.14741772
1323,0.2812538
1324,0.4195729
1325,0.5127648
1326,0.5200495
1327,0.49241447
1328,0.47071514
1329,0.4062324
1330,0.30344284
1331,0.27213913
1332,0.18092091
1333,0.085455805
1334,0.027052626
1335,0.0019535124
1336,0.0320248
1337,0.06163314
1338,0.09397715
1339,0.16330609
1340,0.27028373
1341,0.30374116
1342,0.3708924
1343,0.409746
1344,0.40793893
1345,0.3507552
1346,0.2684173
1347,0.18834075
1348,0.08909786
1349,0.017395407
1350,0.0034752637
1351,0.046499297
1352,0.122896925
1353,0.20093548
1354,0.22863595
1355,0.21284065
1356,0.29441044
1357,0.36472014
1358,0.48399803
1359,0.55015504
1360,0.48712116
1361,0.35906357
1362,0.21687347
1363,0.087171465
1364,0.025333524
1365,0.0029563159
1366,0.049236342
1367,0.13941698
1368,0.20040953
1369,0.26688266
1370,0.33228457
1371,0.23703745
1372,0.19979921
1373,0.1255674
1374,0.18666059
1375,0.1587387
1376,0.17427295
1377,0.1446299
1378,0.06867413
1379,0.015630543
1380,0.005659431
1381,0.027039275
1382,0.080284536
1383,0.15401413
1384,0.28339314
1385,0.2376241
1386,0.29209405
1387,0.31547004
1388,0.31173962
1389,0.20509396
1390,0.19100255
1391,0.12012216
1392,0.1635282
1393,0.072229624
1394,0.014016569
1395,0.015380263
1396,0.03541328
1397,0.12503609
1398,0.2786762
1399,0.3697259
1400,0.37759653
1401,0.47696137
1402,0.39428198
1403,0.5226177
1404,0.44613048
1405,0.43189692
1406,0.32766616
1407,0.20680101
1408,0.08748832
1409,0.016061515
1410,0.009910464
1411,0.048054278
1412,0.1253263
1413,0.21083498
1414,0.28334296
1415,0.32523313
1416,0.46733913
1417,0.41751504
1418,0.45083573
1419,0.40795934
1420,0.3815924
1421,0.31306118
1422,0.17106703
1423,0.09563841
1424,0.024318725
1425,0.005231008
1426,0.033484086
1427,0.08249432
1428,0.1392943
1429,0.16270024
1430,0.26871753
1431,0.32434505
1432,0.31051692
1433,0.26296437
1434,0.17503935
1435,0.11895222
1436,0.12264449
1437,0.09730199
1438,0.059413105
1439,0.010978818
1440,0.0049675703
1441,0.04321611
1442,0.17637813
1443,0.2558611
1444,0.3727166
1445,0.47548133
1446,0.33904895
1447,0.34226647
1448,0.30107644
1449,0.3945547
1450,0.37358478
1451,0.2671353
1452,0.13443647
1453,0.06490515
1454,0.034693718
1455,-0.002236858
1456,0.031545192
1457,0.10065349
1458,0.11413309
1459,0.10600793
1460,0.13417153
1461,0.110625565
1462,0.13492155
1463,0.111323826
1464,0.24250725
1465,0.2463703
1466,0.20627356
1467,0.18079418
1468,0.06177695
1469,0.02402097
1470,0.007059887
1471,0.047494113
1472,0.18317325
1473,0.29210484
1474,0.23459521
1475,0.24612778
1476,0.32709298
1477,0.33597684
1478,0.2916114
1479,0.3041358
1480,0.2824
1481,0.21091272
1482,0.058710814
1483,0.033560127
1484,0.03844081
1485,0.0020344108
1486,0.025319368
1487,0.08648914
1488,0.14062867
1489,0.23866598
1490,0.27462718
1491,0.4020533
1492,0.44603917
1493,0.42473134
1494,0.4179408
1495,0.27214965
1496,0.2199353
1497,0.123608775
1498,0.058594346
1499,0.006795481
1500,0.025278091
1501,0.03357601
1502,0.12602015
1503,0.25301668
1504,0.37890697
1505,0.46661514
1506,0.44442534
1507,0.49803174
1508,0.4496362
1509,0.43461254
1510,0.42478436
1511,0.38795575
1512,0.26964805
1513,0.12705964
1514,0.023941278
1515,0.005642608
1516,0.036785543
1517,0.06101623
1518,0.17612685
1519,0.331418
1520,0.36124885
1521,0.29939955
1522,0.44475168
1523,0.4499613
1524,0.43834156
1525,0.44272768
1526,0.34415436
1527,0.32084683
1528,0.23773916
1529,0.1318689
1530,0.030783832
1531,0.0037776232
1532,0.032425612
1533,0.06864898
1534,0.20315449
1535,0.363337
1536,0.47943485
1537,0.5627047
1538,0.62319523
1539,0.64656806
1540,0.648901
1541,0.6177746
1542,0.5623976
1543,0.4362005
1544,0.29560006
1545,0.12022667
1546,0.027059317
1547,0.0071493983
1548,0.03480676
1549,0.07191372
1550,0.2019414
1551,0.36304486
1552,0.468459
1553,0.55589485
1554,0.6151226
1555,0.6433451
1556,0.645235
1557,0.618201
1558,0.5423593
1559,0.42873907
1560,0.26923978
1561,0.1284408
1562,0.02902542
1563,0.0047712326
1564,0.036300525
1565,0.07848349
1566,0.2095696
1567,0.36556533
1568,0.4795743
1569,0.56138504
1570,0.61769783
1571,0.6454077
1572,0.64885867
1573,0.6211611
1574,0.5571939
1575,0.43535164
1576,0.30053145
1577,0.1236805
1578,0.030824095
1579,0.004031822
1580,0.038214535
1581,0.070225805
1582,0.1949643
1583,0.3519361
1584,0.4731334
1585,0.5477611
1586,0.5966348
1587,0.55134845
1588,0.59131145
1589,0.52910066
1590,0.4908983
1591,0.4004568
1592,0.2408106
1593,0.11765714
1594,0.029659212
1595,0.0069239438
1596,0.029605418
1597,0.042564765
1598,0.062014
1599,0.110343665
1600,0.16014284
1601,0.1419451
1602,0.18881682
1603,0.15921953
1604,0.15153663
1605,0.13985334
1606,0.14177145
1607,0.13887644
1608,0.045031562
1609,0.04831089
1610,0.012848169
1611,0.008497477
1612,0.0107527375
1613,0.05228567
1614,0.14887697
1615,0.24752691
1616,0.30940706
1617,0.3663947
1618,0.46711937
1619,0.55123764
1620,0.5775553
1621,0.4456719
1622,0.28242627
1623,0.16112462
1624,0.14143991
1625,0.04808806
1626,0.03328742
1627,0.006340772
1628,0.014043808
1629,0.04249546
1630,0.085291654
1631,0.15163293
1632,0.2068063
1633,0.26937127
1634,0.32438496
1635,0.39506355
1636,0.36003923
1637,0.2714961
1638,0.24424197
1639,0.17076614
1640,0.10562737
1641,0.028173715
1642,0.018843666
1643,0.022813916
1644,0.015964791
1645,0.025112048
1646,0.04330066
1647,0.08152379
1648,0.10135562
1649,0.1109245
1650,0.121258974
1651,0.117466465
1652,0.13235942
1653,0.13680133
1654,0.11918584
1655,0.067971855
1656,0.04625435
1657,0.031433642
1658,0.025560439
1659,0.0016266108
1660,0.018742323
1661,0.065152794
1662,0.13121185
1663,0.18677641
1664,0.2851529
1665,0.3665429
1666,0.43954277
1667,0.53426933
1668,0.47512403
1669,0.4449562
1670,0.32239527
1671,0.23381971
1672,0.11228053
1673,0.040589765
1674,0.010331526
1675,0.018332168
1676,0.074748576
1677,0.17052871
1678,0.30440724
1679,0.45130014
1680,0.53295815
1681,0.58752304
1682,0.5913217
1683,0.4872814
1684,0.41737783
1685,0.39036456
1686,0.34566453
1687,0.22214554
1688,0.10393761
1689,0.03846796
1690,0.019778967
1691,0.008441269
1692,0.087263346
1693,0.20977859
1694,0.34918278
1695,0.46727437
1696,0.54124784
1697,0.5502729
1698,0.58840305
1699,0.5669981
1700,0.47830802
1701,0.41764256
1702,0.33182874
1703,0.23791568
1704,0.1147936
1705,0.030182004
1706,0.011585832
1707,0.021339193
1708,0.08546962
1709,0.189195
1710,0.3390795
1711,0.4581765
1712,0.54129785
1713,0.5929202
1714,0.6099545
1715,0.5993209
1716,0.5081476
1717,0.4835123
1718,0.3895738
1719,0.26620802
1720,0.13800351
1721,0.04454717
1722,0.00836654
1723,0.024092495
1724,0.091848016
1725,0.17794473
1726,0.19869626
1727,0.23609827
1728,0.27298638
1729,0.30020776
1730,0.3602085
1731,0.44147107
1732,0.50413954
1733,0.3678455
1734,0.20644306
1735,0.21171758
1736,0.108385324
1737,0.050227627
1738,1.6093254e-06
1739,0.018508822
1740,0.08734761
1741,0.17675161
1742,0.25032246
1743,0.34828275
1744,0.3851019
1745,0.44376096
1746,0.42627102
1747,0.39915514
1748,0.29787862
1749,0.26622882
1750,0.21859118
1751,0.23281042
1752,0.13714582
1753,0.023028016
1754,0.012651175
1755,0.03343706
1756,0.06333393
1757,0.17901233
1758,0.31407076
1759,0.44577092
1760,0.5175028
1761,0.44432905
1762,0.41322243
1763,0.41954416
1764,0.35350317
1765,0.30034775
1766,0.18234363
1767,0.14292672
1768,0.10671757
1769,0.031393096
1770,0.0156072825
1771,0.0067028254
1772,0.062141135
1773,0.10526503
1774,0.1341881
1775,0.15251908
1776,0.21664742
1777,0.31932247
1778,0.41583106
1779,0.3123818
1780,0.2467051
1781,0.31011593
1782,0.2500929
1783,0.10845812
1784,0.091918826
1785,0.035667837
1786,0.0058757663
1787,0.015875816
1788,0.029984385
1789,0.07869351
1790,0.21633099
1791,0.36543566
1792,0.48260245
1793,0.5526026
1794,0.52355397
1795,0.5075927
1796,0.49740225
1797,0.44197547
1798,0.38781694
1799,0.30642235
1800,0.22465006
1801,0.076274484
1802,0.024286121
1803,0.012647569
1804,0.023672849
1805,0.043465108
1806,0.06245154
1807,0.10002859
1808,0.13210943
1809,0.19537641
1810,0.31291878
1811,0.3582352
1812,0.3131441
1813,0.39070457
1814,0.36178547
1815,0.3177747
1816,0.16380025
1817,0.11398743
1818,0.04425244
1819,0.005486965
1820,0.015400812
1821,0.036521852
1822,0.08106184
1823,0.20167433
1824,0.33379105
1825,0.4501961
1826,0.42250568
1827,0.2957843
1828,0.26519027
1829,0.30262816
1830,0.31044883
1831,0.35135576
1832,0.28850818
1833,0.24807072
1834,0.14393285
1835,0.04843837
1836,0.009545848
1837,0.018227413
1838,0.037894398
1839,0.083296075
1840,0.21670109
1841,0.3409962
1842,0.4550451
1843,0.53703916
1844,0.58183587
1845,0.594313
1846,0.53901124
1847,0.542054
1848,0.482391
1849,0.38151658
1850,0.2925694
1851,0.12582508
1852,0.041783452
1853,0.015197396
1854,0.018894538
1855,0.03637491
1856,0.0865258
1857,0.21530296
1858,0.3529619
1859,0.44550222
1860,0.53056216
1861,0.58394444
1862,0.5916859
1863,0.6059308
1864,0.5801502
1865,0.51435214
1866,0.38327575
1867,0.27218425
1868,0.11807227
1869,0.036981
1870,0.0101282
1871,0.025478423
1872,0.03615403
1873,0.073663965
1874,0.16000503
1875,0.2404017
1876,0.3626672
1877,0.2562571
1878,0.22780922
1879,0.25827605
1880,0.2987187
1881,0.20252112
1882,0.29996657
1883,0.18298253
1884,0.22260797
1885,0.1159448
1886,0.044353485
1887,0.0095394105
1888,0.012883067
1889,0.034120664
1890,0.090100646
1891,0.19520105
1892,0.30589086
1893,0.39688122
1894,0.29833376
1895,0.19062701
1896,0.1933399
1897,0.31614494
1898,0.4153419
1899,0.40910596
1900,0.27351138
1901,0.27312845
1902,0.04465586
1903,0.010881454
1904,0.03460835
1905,0.02505894
1906,0.042987987
1907,0.06744073
1908,0.08505449
1909,0.21120237
1910,0.16328168
1911,0.2204824
1912,0.22986868
1913,0.22723444
1914,0.19522801
1915,0.29511285
1916,0.11365338
1917,0.12359832
1918,0.08899447
1919,0.04490629
1920,0.0051503778
1921,0.01361528
1922,0.061960205
1923,0.16167271
1924,0.33519167
1925,0.45665783
1926,0.5302882
1927,0.56741667
1928,0.5024224
1929,0.42206815
1930,0.345716
1931,0.26450992
1932,0.30150384
1933,0.15621096
1934,0.11608352
1935,0.044355556
1936,0.0076387078
1937,0.016112149
1938,0.03342107
1939,0.080229536
1940,0.21680574
1941,0.2569826
1942,0.4416598
1943,0.4276114
1944,0.5626858
1945,0.51614517
1946,0.21159813
1947,0.05762592
1948,0.09925853
1949,0.07828957
1950,0.08686757
1951,0.2006572
1952,0.06209117
1953,0.029704481
1954,0.0148650855
1955,0.058892846
1956,0.071875796
1957,0.16288537
1958,0.21192929
1959,0.2787598
1960,0.27543092
1961,0.31792083
1962,0.36538094
1963,0.45603567
1964,0.3706835
1965,0.34798253
1966,0.29121926
1967,0.11034356
1968,0.058430895
1969,0.011745796
1970,0.015003592
1971,0.03797841
1972,0.10021593
1973,0.19543941
1974,0.34681916
1975,0.47588295
1976,0.53730977
1977,0.5007903
1978,0.507282
1979,0.42051828
1980,0.25242442
1981,0.13659006
1982,0.1099439
1983,0.030868515
1984,0.05105722
1985,0.038751528
1986,0.016195744
1987,0.0046007335
1988,0.018996358
1989,0.080105215
1990,0.16468148
1991,0.25917888
1992,0.38259697
1993,0.34316888
1994,0.2811644
1995,0.38500726
1996,0.4641645
1997,0.19278634
1998,0.35063446
1999,0.30256647
2000,0.044771597
2001,0.031800613
2002,0.04993342
2003,0.040305614
2004,0.006835878
2005,0.012418017
2006,0.06488411
2007,0.18916285
2008,0.3343243
2009,0.46345866
2010,0.49916595
2011,0.5303227
2012,0.4777504
2013,0.40687275
2014,0.43457288
2015,0.2998602
2016,0.2613582
2017,0.13178971
2018,0.07511778
2019,0.015696794
2020,0.019652605
2021,0.018019766
2022,0.030499145
2023,0.030609906
2024,0.050573707
2025,0.069475695
2026,0.055964053
2027,0.16284391
2028,0.05537498
2029,0.27644885
2030,0.3368389
2031,0.39857855
2032,0.44922784
2033,0.22742033
2034,0.091628164
2035,0.051342145
2036,0.007508263
2037,0.018453687
2038,0.029274657
2039,0.069855034
2040,0.19148622
2041,0.2712962
2042,0.38253298
2043,0.39295483
2044,0.40121463
2045,0.31286216
2046,0.31031865
2047,0.37561104
2048,0.37650892
2049,0.21413608
2050,0.23488432
2051,0.094046965
2052,0.065415725
2053,0.0069865584
2054,0.006952733
2055,0.034660444
2056,0.06834631
2057,0.09011085
2058,0.09499496
2059,0.3394366
2060,0.45478186
2061,0.5506164
2062,0.54502296
2063,0.5271512
2064,0.4965317
2065,0.51979196
2066,0.37992418
2067,0.24386464
2068,0.1363772
2069,0.065401375
2070,0.016424239
2071,0.0089199245
2072,0.04418853
2073,0.06081082
2074,0.15668704
2075,0.1900481
2076,0.25233734
2077,0.33907396
2078,0.32814154
2079,0.43990418
2080,0.49901083
2081,0.4713288
2082,0.31058732
2083,0.19875363
2084,0.13698606
2085,0.05722952
2086,0.01555635
2087,0.0087477565
2088,0.03399554
2089,0.09062514
2090,0.20171206
2091,0.3215119
2092,0.29409665
2093,0.33927107
2094,0.38084713
2095,0.35336658
2096,0.46525848
2097,0.46649933
2098,0.33266592
2099,0.25831538
2100,0.20971236
2101,0.11750063
2102,0.05753851
2103,0.0056340396
2104,0.014870644
2105,0.03461641
2106,0.08756453
2107,0.21610326
2108,0.362336
2109,0.4764665
2110,0.54768145
2111,0.56390387
2112,0.5692833
2113,0.5317682
2114,0.51330465
2115,0.46527737
2116,0.3806777
2117,0.26906213
2118,0.15663214
2119,0.059530586
2120,0.005874783
2121,0.019129336
2122,0.044631705
2123,0.10725635
2124,0.21125782
2125,0.33386052
2126,0.39683282
2127,0.43529946
2128,0.5417551
2129,0.5692359
2130,0.47374004
2131,0.42939162
2132,0.43981558
2133,0.34821075
2134,0.27457184
2135,0.12049102
2136,0.035991147
2137,0.014313668
2138,0.02123563
2139,0.03764251
2140,0.09905958
2141,0.15722694
2142,0.2304478
2143,0.27817735
2144,0.2927692
2145,0.39991993
2146,0.16299337
2147,0.30294162
2148,0.4514391
2149,0.41584072
2150,0.12467734
2151,0.0776577
2152,0.060855627
2153,0.089652285
2154,-0.009586185
2155,0.009437859
2156,0.030285537
2157,0.07389401
2158,0.11982503
2159,0.16874921
2160,0.24270669
2161,0.2989653
2162,0.33483166
2163,0.35215777
2164,0.37075716
2165,0.36652458
2166,0.32498902
2167,0.26498464
2168,0.2650184
2169,0.16542104
2170,0.048537016
2171,0.012753561
2172,0.0185505
2173,0.035630465
2174,0.0906288
2175,0.22098653
2176,0.3561288
2177,0.42746916
2178,0.49388495
2179,0.517499
2180,0.42520314
2181,0.4464233
2182,0.43630493
2183,0.40907258
2184,0.3684864
2185,0.28923672
2186,0.17483832
2187,0.055626154
2188,0.011983052
2189,0.017761901
2190,0.039067537
2191,0.0935238
2192,0.21521573
2193,0.34595844
2194,0.4654136
2195,0.5478001
2196,0.58876204
2197,0.5452142
2198,0.52051586
2199,0.4947218
2200,0.43093288
2201,0.37326688
2202,0.3075949
2203,0.149849
2204,0.061196595
2205,0.010928348
2206,0.017513976
2207,0.038908064
2208,0.09097707
2209,0.20214227
2210,0.34646517
2211,0.45873812
2212,0.53672546
2213,0.58165723
2214,0.6013354
2215,0.60698175
2216,0.54515684
2217,0.41825432
2218,0.27125916
2219,0.18787953
2220,0.08838987
2221,0.06375866
2222,0.010231614
2223,0.003953725
2224,0.035728276
2225,0.08502266
2226,0.19237572
2227,0.33211595
2228,0.4367943
2229,0.5107002
2230,0.5719892
2231,0.5724743
2232,0.56992465
2233,0.5126877
2234,0.41491812
2235,0.3271539
2236,0.21124603
2237,0.08692922
2238,0.05639468
2239,0.019198328
2240,0.0027802289
2241,0.03186527
2242,0.06459835
2243,0.14742576
2244,0.30367374
2245,0.44190454
2246,0.49703288
2247,0.5535269
2248,0.56195706
2249,0.5674282
2250,0.5169461
2251,0.48018834
2252,0.36964047
2253,0.26730254
2254,0.12928768
2255,0.05535695
2256,0.012826636
2257,0.015661463
2258,0.03735347
2259,0.05321765
2260,0.09108251
2261,0.15493086
2262,0.23693177
2263,0.3295338
2264,0.43187776
2265,0.53190106
2266,0.5834888
2267,0.52155644
2268,0.50274265
2269,0.40386236
2270,0.30082017
2271,0.15133962
2272,0.055148974
2273,0.012657806
2274,0.01870817
2275,0.03578508
2276,0.07379505
2277,0.16463684
2278,0.32038897
2279,0.4597103
2280,0.5417408
2281,0.60505307
2282,0.62858224
2283,0.6302985
2284,0.59988546
2285,0.54151493
2286,0.44426608
2287,0.3204568
2288,0.16522649
2289,0.05809307
2290,0.009250402
2291,0.0214355
2292,0.0397231
2293,0.08834329
2294,0.21000688
2295,0.35454667
2296,0.4756222
2297,0.5543284
2298,0.6079867
2299,0.62597144
2300,0.6285424
2301,0.59087145
2302,0.5352945
2303,0.43874696
2304,0.31978023
2305,0.16529736
2306,0.05836208
2307,0.008322373
2308,0.02137123
2309,0.039200306
2310,0.08246745
2311,0.20837039
2312,0.35376078
2313,0.46955925
2314,0.54776853
2315,0.591263
2316,0.6098201
2317,0.6117369
2318,0.5773902
2319,0.5186135
2320,0.42306817
2321,0.31221437
2322,0.15607099
2323,0.055102795
2324,0.009243131
2325,0.022290275
2326,0.037481755
2327,0.0822933
2328,0.1853385
2329,0.30054528
2330,0.37163854
2331,0.40329134
2332,0.48592922
2333,0.5394941
2334,0.50692725
2335,0.47072163
2336,0.39319927
2337,0.37601116
2338,0.27917832
2339,0.15000705
2340,0.051841766
2341,0.019961715
2342,0.01327078
2343,0.03391117
2344,0.079102084
2345,0.18887499
2346,0.3321754
2347,0.4181323
2348,0.4335211
2349,0.49284637
2350,0.51042163
2351,0.5249842
2352,0.506528
2353,0.45264646
2354,0.3961572
2355,0.30296624
2356,0.1711249
2357,0.053067893
2358,0.012218967
2359,0.019852474
2360,0.03658235
2361,0.08281085
2362,0.2043678
2363,0.331735
2364,0.3852587
2365,0.39142013
2366,0.46377587
2367,0.42487076
2368,0.425461
2369,0.40693533
2370,0.34471437
2371,0.35080108
2372,0.22146706
2373,0.17023933
2374,0.062123656
2375,0.009616062
2376,0.014671192
2377,0.036245704
2378,0.08289793
2379,0.2043678
2380,0.3422474
2381,0.4460371
2382,0.46990603
2383,0.46355295
2384,0.4393162
2385,0.461195
2386,0.45689246
2387,0.42453474
2388,0.3720296
2389,0.28501415
2390,0.19477291
2391,0.05278623
2392,0.009832099
2393,0.020264626
2394,0.03904085
2395,0.07992074
2396,0.20367216
2397,0.35083178
2398,0.47248274
2399,0.5479958
2400,0.5947398
2401,0.61614466
2402,0.62009895
2403,0.5715974
2404,0.51688737
2405,0.4236784
2406,0.30966783
2407,0.14639693
2408,0.053393856
2409,0.013983607
2410,0.019128084
2411,0.0640178
2412,0.16982207
2413,0.26765087
2414,0.38911676
2415,0.5024873
2416,0.5750076
2417,0.59004897
2418,0.5369555
2419,0.50052464
2420,0.48262414
2421,0.32590887
2422,0.18197806
2423,0.1297918
2424,0.04876174
2425,0.014167294
2426,0.014044777
2427,0.030133337
2428,0.08746892
2429,0.16351292
2430,0.30710742
2431,0.4319648
2432,0.4527815
2433,0.50232303
2434,0.5120747
2435,0.4975324
2436,0.45240763
2437,0.3842763
2438,0.26001313
2439,0.21255793
2440,0.08742772
2441,0.037493706
2442,0.017072931
2443,0.010039166
2444,0.066168025
2445,0.1591984
2446,0.21748628
2447,0.21894701
2448,0.3687365
2449,0.47344497
2450,0.47624838
2451,0.4359798
2452,0.43112817
2453,0.42567912
2454,0.3596059
2455,0.28842095
2456,0.15514606
2457,0.054666877
2458,0.014093384
2459,0.016160011
2460,0.035607845
2461,0.07177049
2462,0.12412887
2463,0.24355406
2464,0.32469714
2465,0.38332373
2466,0.37468567
2467,0.40676847
2468,0.41894206
2469,0.42110065
2470,0.38135254
2471,0.30158108
2472,0.26854563
2473,0.1377571
2474,0.056986317
2475,0.011650443
2476,0.015774488
2477,0.035550535
2478,0.10275413
2479,0.19151723
2480,0.3026261
2481,0.4338755
2482,0.4200111
2483,0.51676106
2484,0.542606
2485,0.51255137
2486,0.4659716
2487,0.3567772
2488,0.28776228
2489,0.23849967
2490,0.11337291
2491,0.051756486
2492,0.014585987
2493,0.011340052
2494,0.07180646
2495,0.17128631
2496,0.30475026
2497,0.35349083
2498,0.39110374
2499,0.4581343
2500,0.42321604
2501,0.43498224
2502,0.28986734
2503,0.29335204
2504,0.20458348
2505,0.11319557
2506,0.08001913
2507,0.03017804
2508,0.011258528
2509,0.013741434
2510,0.041737735
2511,0.1007152
2512,0.14776582
2513,0.18524489
2514,0.32409102
2515,0.32278606
2516,0.34635955
2517,0.3692205
2518,0.37482342
2519,0.42844725
2520,0.40084836
2521,0.22909999
2522,0.1348811
2523,0.05971773
2524,0.009453163
2525,0.014997497
2526,0.07770687
2527,0.16755638
2528,0.2789597
2529,0.3202495
2530,0.39784873
2531,0.31032652
2532,0.28937566
2533,0.25934148
2534,0.32136315
2535,0.35986614
2536,0.3312763
2537,0.20111199
2538,0.122279525
2539,0.059244156
2540,0.007311836
2541,0.010439351
2542,0.043573707
2543,0.081159145
2544,0.14678173
2545,0.22073302
2546,0.2798773
2547,0.29708165
2548,0.29194897
2549,0.3333069
2550,0.28636155
2551,0.24616161
2552,0.25315526
2553,0.2697041
2554,0.12214562
2555,0.039441556
2556,0.014409885
2557,0.015886918
2558,0.041673884
2559,0.08277227
2560,0.17622027
2561,0.21196961
2562,0.28479677
2563,0.22417253
2564,0.27623606
2565,0.26897508
2566,0.21434204
2567,0.18713686
2568,0.19985482
2569,0.15471482
2570,0.08018142
2571,0.03143628
2572,0.019450143
2573,0.004848361
2574,0.04426211
2575,0.086588725
2576,0.11790225
2577,0.14841528
2578,0.15841925
2579,0.15075994
2580,0.2253124
2581,0.2658266
2582,0.25074348
2583,0.25171965
2584,0.16381645
2585,0.116436586
2586,0.06164238
2587,0.034681514
2588,0.01038985
2589,0.0052700043
2590,0.03745374
2591,0.06741321
2592,0.106465146
2593,0.15016869
2594,0.21569332
2595,0.26417464
2596,0.31658506
2597,0.34230074
2598,0.41603088
2599,0.4182344
2600,0.3887871
2601,0.2920387
2602,0.16746408
2603,0.05726017
2604,0.008616477
2605,0.01815255
2606,0.08258392
2607,0.17648065
2608,0.3062861
2609,0.4353922
2610,0.50286806
2611,0.5677632
2612,0.5848789
2613,0.58286595
2614,0.539101
2615,0.4599731
2616,0.31608757
2617,0.19688585
2618,0.102043286
2619,0.033884227
2620,0.016069055
2621,0.014467984
2622,0.06370056
2623,0.16280326
2624,0.27683085
2625,0.3855961
2626,0.42958063
2627,0.3732943
2628,0.35632545
2629,0.3023945
2630,0.23038487
2631,0.171514
2632,0.14047879
2633,0.111739755
2634,0.04224944
2635,0.036362648
2636,0.0050075203
2637,0.009329259
2638,0.06286053
2639,0.15365392
2640,0.25935733
2641,0.39143842
2642,0.48912898
2643,0.47776905
2644,0.3720273
2645,0.39936894
2646,0.4038658
2647,0.40361795
2648,0.3571371
2649,0.19380777
2650,0.08613685
2651,0.04763858
2652,0.011265099
2653,0.010312289
2654,0.067266464
2655,0.12772962
2656,0.12108055
2657,0.1511002
2658,0.24036714
2659,0.39764625
2660,0.38762572
2661,0.37019396
2662,0.18324742
2663,0.3478341
2664,0.28938255
2665,0.27934512
2666,0.17358744
2667,0.044304892
2668,0.0074804425
2669,0.023927093
2670,0.06930339
2671,0.16108313
2672,0.25966814
2673,0.35905835
2674,0.3448171
2675,0.42759076
2676,0.45687038
2677,0.44345665
2678,0.44159648
2679,0.4091239
2680,0.33658135
2681,0.22537215
2682,0.1652165
2683,0.037632138
2684,0.009966046
2685,0.022928774
2686,0.071872994
2687,0.1761898
2688,0.3260393
2689,0.4351094
2690,0.50241375
2691,0.5508232
2692,0.5729803
2693,0.59152615
2694,0.57338107
2695,0.51247215
2696,0.40576398
2697,0.28826377
2698,0.13109286
2699,0.05324462
2700,0.007957727
2701,0.02272959
2702,0.068403974
2703,0.18021634
2704,0.32037842
2705,0.44164374
2706,0.52416
2707,0.5762826
2708,0.5959358
2709,0.59636116
2710,0.5494796
2711,0.4986385
2712,0.39680168
2713,0.28281552
2714,0.13474667
2715,0.04219365
2716,0.006886512
2717,0.02707918
2718,0.06872326
2719,0.17301929
2720,0.29532582
2721,0.4190376
2722,0.4863472
2723,0.55243266
2724,0.5594237
2725,0.559025
2726,0.5131402
2727,0.46280283
2728,0.35407197
2729,0.258085
2730,0.11841996
2731,0.044614762
2732,0.01025039
2733,0.02000235
2734,0.06420472
2735,0.1580841
2736,0.2731068
2737,0.39537475
2738,0.46566778
2739,0.51236683
2740,0.540094
2741,0.53833747
2742,0.4820763
2743,0.4340393
2744,0.29561102
2745,0.1805538
2746,0.082831815
2747,0.04075919
2748,0.008528352
2749,0.017574713
2750,0.05755222
2751,0.16574405
2752,0.27108416
2753,0.40457445
2754,0.41092598
2755,0.46272674
2756,0.51004636
2757,0.53056806
2758,0.44381633
2759,0.37570667
2760,0.28871042
2761,0.13684523
2762,0.055404663
2763,0.021639153
2764,0.032248333
2765,0.009304628
2766,0.032044977
2767,0.05427739
2768,0.1392295
2769,0.22094473
2770,0.13560264
2771,0.06453246
2772,0.07310149
2773,0.08994612
2774,0.10200574
2775,0.05834526
2776,0.023384213
2777,0.049136624
2778,0.025774688
2779,0.013304114
2780,0.0074244738
2781,0.021724164
2782,0.04043615
2783,0.05453953
2784,0.059234053
2785,0.055782884
2786,0.061377972
2787,0.07466541
2788,0.070576966
2789,0.084793925
2790,0.092579305
2791,0.08668929
2792,0.038240045
2793,0.030319542
2794,0.0030366182
2795,0.0049613416
2796,0.04550445
2797,0.16808401
2798,0.3209579
2799,0.4464624
2800,0.53189737
2801,0.58808136
2802,0.5833765
2803,0.537413
2804,0.526436
2805,0.48703164
2806,0.37114784
2807,0.29179424
2808,0.13930506
2809,0.037169114
2810,0.0063209236
2811,0.029913187
2812,0.060727164
2813,0.16640668
2814,0.32018647
2815,0.43915656
2816,0.50962275
2817,0.5715936
2818,0.59729815
2819,0.508041
2820,0.38219926
2821,0.39815184
2822,0.2662862
2823,0.21289253
2824,0.11563436
2825,0.022803277
2826,0.010160685
2827,0.025885552
2828,0.055496514
2829,0.13392463
2830,0.19863811
2831,0.21125467
2832,0.29985964
2833,0.33364233
2834,0.34757814
2835,0.35848483
2836,0.30362445
2837,0.24485977
2838,0.23310107
2839,0.16374171
2840,0.11611056
2841,0.0388626
2842,0.006237045
2843,0.015265137
2844,0.054096118
2845,0.14297232
2846,0.24808231
2847,0.39555854
2848,0.43068627
2849,0.42642045
2850,0.3589065
2851,0.30626905
2852,0.31479922
2853,0.2069432
2854,0.26066038
2855,0.25733316
2856,0.14164394
2857,0.039361984
2858,0.012132302
2859,0.016985208
2860,0.053466335
2861,0.1431192
2862,0.2472219
2863,0.29574037
2864,0.34734297
2865,0.33760917
2866,0.3467257
2867,0.32450116
2868,0.3647395
2869,0.3977178
2870,0.31321967
2871,0.239689
2872,0.10594761
2873,0.022479892
2874,0.015061185
2875,0.01896651
2876,0.04530275
2877,0.11180444
2878,0.16727638
2879,0.15755732
2880,0.16588455
2881,0.20931956
2882,0.24358486
2883,0.27679014
2884,0.23143826
2885,0.26571095
2886,0.20553342
2887,0.13984108
2888,0.06729469
2889,0.036263645
2890,0.00059457123
2891,0.014133126
2892,0.047177553
2893,0.15501145
2894,0.27977723
2895,0.41178998
2896,0.5088842
2897,0.5619652
2898,0.5774938
2899,0.5641719
2900,0.4684372
2901,0.3410242
2902,0.24606973
2903,0.1405359
2904,0.06524943
2905,0.02165404
2906,0.008878514
2907,0.034017354
2908,0.12745817
2909,0.2335015
2910,0.29143003
2911,0.4335999
2912,0.51685476
2913,0.5816849
2914,0.5955886
2915,0.48379803
2916,0.39075226
2917,0.2457154
2918,0.11919351
2919,0.064737484
2920,0.023458749
2921,0.01152876
2922,0.02116859
2923,0.036603853
2924,0.121040165
2925,0.27661362
2926,0.39527106
2927,0.4904678
2928,0.49447083
2929,0.41950145
2930,0.38251448
2931,0.2889802
2932,0.27690706
2933,0.09770034
2934,0.18848215
2935,0.08653009
2936,0.027593732
2937,-0.002055928
2938,0.0395312
2939,0.14263965
2940,0.28872097
2941,0.3646429
2942,0.42587015
2943,0.4392336
2944,0.4337021
2945,0.45865402
2946,0.37566748
2947,0.34024975
2948,0.32724768
2949,0.25853026
2950,0.09447828
2951,0.035251796
2952,0.0027355552
2953,0.030948251
2954,0.046955407
2955,0.1386546
2956,0.27382612
2957,0.37276843
2958,0.3299864
2959,0.35802114
2960,0.44658327
2961,0.43596452
2962,0.4204731
2963,0.38045514
2964,0.27093747
2965,0.18086715
2966,0.099997215
2967,0.027446091
2968,0.0018361062
2969,0.031629145
2970,0.0610082
2971,0.12429498
2972,0.12730868
2973,0.088177636
2974,0.11273999
2975,0.12148161
2976,0.30359313
2977,0.42698932
2978,0.20719874
2979,0.1012443
2980,0.15608534
2981,0.10943736
2982,0.018990621
2983,0.020516083
2984,0.015263021
2985,0.03874266
2986,0.112435594
2987,0.23435861
2988,0.2924804
2989,0.33802837
2990,0.303966
2991,0.33315095
2992,0.36736318
2993,0.45977086
2994,0.38317302
2995,0.34790176
2996,0.23113935
2997,0.107943654
2998,0.025556505
2999,0.004056081
3000,0.04294513
3001,0.14810947
3002,0.26945004
3003,0.4134456
3004,0.31802708
3005,0.28666222
3006,0.37000763
3007,0.19403209
3008,0.26610497
3009,0.18208775
3010,0.24219543
3011,0.19554572
3012,0.048672438
3013,0.030557185
3014,0.010147363
3015,0.025478661
3016,0.13864344
3017,0.2800539
3018,0.40069726
3019,0.489649
3020,0.4749268
3021,0.40271968
3022,0.3766287
3023,0.16909751
3024,0.12364802
3025,0.1561954
3026,0.15155612
3027,0.091339916
3028,0.013210386
3029,0.01547198
3030,0.03427002
3031,0.13362426
3032,0.2888982
3033,0.41843465
3034,0.5126968
3035,0.46481383
3036,0.33201802
3037,0.27048284
3038,0.21491298
3039,0.2502441
3040,0.22358552
3041,0.16408402
3042,0.078893006
3043,0.038465664
3044,-0.006120354
3045,0.031013101
3046,0.1354679
3047,0.3015597
3048,0.41449964
3049,0.4475057
3050,0.51684713
3051,0.5245828
3052,0.45645213
3053,0.35933113
3054,0.19700447
3055,0.11893955
3056,0.064240605
3057,0.03386782
3058,0.008477181
3059,0.011856079
3060,0.071450025
3061,0.12302621
3062,0.1540128
3063,0.2768807
3064,0.353006
3065,0.392162
3066,0.3115129
3067,0.26476163
3068,0.25985205
3069,0.21399085
3070,0.14939953
3071,0.07061882
3072,0.020493671
3073,0.0017614961
3074,0.035040364
3075,0.087913185
3076,0.17655051
3077,0.25720266
3078,0.39724648
3079,0.48176906
3080,0.45554647
3081,0.31748462
3082,0.32531896
3083,0.34198618
3084,0.25234666
3085,0.07679865
3086,0.029734224
3087,0.019323856
3088,0.015875444
3089,0.05699393
3090,0.08495031
3091,0.10978834
3092,0.12926805
3093,0.1802731
3094,0.12969753
3095,0.13811383
3096,0.12089011
3097,0.092295825
3098,0.13627619
3099,0.030897394
3100,0.03707829
3101,0.003947586
3102,0.0090717375
3103,0.042327583
3104,0.06790888
3105,0.074148625
3106,0.139449
3107,0.16910231
3108,0.16563644
3109,0.17572936
3110,0.26894033
3111,0.32993215
3112,0.3210253
3113,0.19943842
3114,0.106135175
3115,0.016732305
3116,0.0028339326
3117,0.044611633
3118,0.12491393
3119,0.28648072
3120,0.41137007
3121,0.4772818
3122,0.4838826
3123,0.44661885
3124,0.4214199
3125,0.43657234
3126,0.3701545
3127,0.29099268
3128,0.21930185
3129,0.09081337
3130,0.010539189
3131,0.00905472
3132,0.04401809
3133,0.123696186
3134,0.2753964
3135,0.3764834
3136,0.4324701
3137,0.48347062
3138,0.48727578
3139,0.480994
3140,0.4612888
3141,0.37232876
3142,0.2921551
3143,0.17756909
3144,0.07949284
3145,0.019540817
3146,0.0014213622
3147,0.042330712
3148,0.11825934
3149,0.27628392
3150,0.40250325
3151,0.50618386
3152,0.55649626
3153,0.54475987
3154,0.5708817
3155,0.52879196
3156,0.44268876
3157,0.32910138
3158,0.21914688
3159,0.091453135
3160,0.009945154
3161,0.005852759
3162,0.049519673
3163,0.1258173
3164,0.2755369
3165,0.40495864
3166,0.5032813
3167,0.5678689
3168,0.5952145
3169,0.59863293
3170,0.5502718
3171,0.47797477
3172,0.36615378
3173,0.23015612
3174,0.07872115
3175,0.010638133
3176,0.006077349
3177,0.11970202
3178,0.283727
3179,0.39144832
3180,0.47917074
3181,0.55426264
3182,0.5830822
3183,0.58213633
3184,0.5194724
3185,0.44904715
3186,0.32680547
3187,0.18979427
3188,0.08230995
3189,0.010415152
3190,0.006883934
3191,0.110885575
3192,0.28041035
3193,0.39630407
3194,0.501641
3195,0.55318284
3196,0.5836979
3197,0.577798
3198,0.5339722
3199,0.4609527
3200,0.34854496
3201,0.21448633
3202,0.07583076
3203,0.0048309267
3204,0.01038155
3205,0.120381095
3206,0.26310223
3207,0.3827489
3208,0.47972986
3209,0.5405421
3210,0.55979323
3211,0.5647311
3212,0.5083533
3213,0.45045343
3214,0.33382106
3215,0.20174146
3216,0.07120946
3217,0.0070625544
3218,0.0122124255
3219,0.10742707
3220,0.25319448
3221,0.362525
3222,0.46231318
3223,0.5190347
3224,0.5471039
3225,0.5292651
3226,0.47409713
3227,0.37267172
3228,0.26805168
3229,0.16333053
3230,0.06583345
3231,0.007609576
3232,0.012901083
3233,0.10227251
3234,0.22445111
3235,0.34138566
3236,0.44019902
3237,0.5066258
3238,0.53780794
3239,0.5279321
3240,0.47813025
3241,0.41756234
3242,0.2842515
3243,0.13290647
3244,0.054613158
3245,0.007575169
3246,0.020232633
3247,0.09198488
3248,0.16314176
3249,0.2583884
3250,0.3135108
3251,0.39138496
3252,0.38899624
3253,0.48361614
3254,0.46441185
3255,0.36035818
3256,0.14802383
3257,0.08662294
3258,0.046281382
3259,0.0053427815
3260,0.014039248
3261,0.06428109
3262,0.17078814
3263,0.2385123
3264,0.30846816
3265,0.30432868
3266,0.36654645
3267,0.35956588
3268,0.39286232
3269,0.37559378
3270,0.3209956
3271,0.1770618
3272,0.075367704
3273,0.0008329302
3274,0.015803695
3275,0.11735944
3276,0.2959964
3277,0.41866404
3278,0.51504445
3279,0.6004908
3280,0.64169145
3281,0.65113366
3282,0.60637283
3283,0.5403384
3284,0.39302158
3285,0.227872
3286,0.07407403
3287,-0.0025212467
3288,0.0120307505
3289,0.113298774
3290,0.29487115
3291,0.42098355
3292,0.51562357
3293,0.5977322
3294,0.61743015
3295,0.5877532
3296,0.48848236
3297,0.32748857
3298,0.2299348
3299,0.12910274
3300,0.03692028
3301,0.01316607
3302,0.0155031085
3303,0.065148205
3304,0.15774837
3305,0.24311836
3306,0.30763775
3307,0.3207761
3308,0.44751525
3309,0.4994443
3310,0.5001016
3311,0.4043367
3312,0.26936707
3313,0.18626463
3314,0.07200411
3315,-0.00063559413
3316,0.017066717
3317,0.10375409
3318,0.2953813
3319,0.42374694
3320,0.51661366
3321,0.58572185
3322,0.615399
3323,0.62258875
3324,0.59776556
3325,0.52001226
3326,0.36488846
3327,0.1707027
3328,0.025871933
3329,0.0074234456
3330,0.03289801
3331,0.084560364
3332,0.20662092
3333,0.24252217
3334,0.23168674
3335,0.2554072
3336,0.16241916
3337,0.22442478
3338,0.2293072
3339,0.14891993
3340,0.08725104
3341,0.06553547
3342,0.029145107
3343,-0.0035076737
3344,0.04665816
3345,0.25342244
3346,0.3722551
3347,0.44797975
3348,0.49534485
3349,0.45896167
3350,0.29845518
3351,0.121654026
3352,0.10574557
3353,0.1258869
3354,0.17198235
3355,0.030207053
3356,0.0199797
3357,0.015907258
3358,0.07089886
3359,0.19625965
3360,0.28132874
3361,0.34078547
3362,0.40232474
3363,0.3635412
3364,0.4264202
3365,0.37312585
3366,0.37989777
3367,0.23919904
3368,0.13322118
3369,0.056795627
3370,0.0011351109
3371,0.022963181
3372,0.09721278
3373,0.27071822
3374,0.39164633
3375,0.502197
3376,0.5899519
3377,0.62026906
3378,0.5831572
3379,0.5253265
3380,0.30665752
3381,0.13529189
3382,0.082477555
3383,0.020073846
3384,0.00655362
3385,0.06001194
3386,0.21477133
3387,0.37067518
3388,0.42428076
3389,0.33574384
3390,0.33050048
3391,0.336454
3392,0.28566527
3393,0.29997206
3394,0.22189942
3395,0.07172647
3396,0.035086274
3397,0.0075361133
3398,0.03966917
3399,0.17524981
3400,0.3317659
3401,0.45378554
3402,0.43289697
3403,0.39704582
3404,0.45364925
3405,0.46036047
3406,0.41415754
3407,0.29859924
3408,0.14874455
3409,0.04273531
3410,0.0016278625
3411,0.054845408
3412,0.25508213
3413,0.40569448
3414,0.50340855
3415,0.5671413
3416,0.5064428
3417,0.45305735
3418,0.40679595
3419,0.34697434
3420,0.197648
3421,0.10779348
3422,0.024407387
3423,0.0060218275
3424,0.06325486
3425,0.2549194
3426,0.4127795
3427,0.50319993
3428,0.5925857
3429,0.62843585
3430,0.57645196
3431,0.486898
3432,0.38631642
3433,0.2947371
3434,0.15731198
3435,0.038987964
3436,-0.00514552
3437,0.05402252
3438,0.13655204
3439,0.116190344
3440,0.16350813
3441,0.24321818
3442,0.16824599
3443,0.17277756
3444,0.1757777
3445,0.19011697
3446,0.046418697
3447,0.041582644
3448,0.010784209
3449,0.009727985
3450,0.03328508
3451,0.16987357
3452,0.30775747
3453,0.38668567
3454,0.43722364
3455,0.55002546
3456,0.5977864
3457,0.5539065
3458,0.37618107
3459,0.1602144
3460,0.07114054
3461,0.0293729
3462,0.008879244
3463,0.029097766
3464,0.071277544
3465,0.1684474
3466,0.20408083
3467,0.2667277
3468,0.33288217
3469,0.4523508
3470,0.41731903
3471,0.4140071
3472,0.19982925
3473,0.15064803
3474,0.014150381
3475,0.0036926419
3476,0.062798455
3477,0.24667275
3478,0.40022632
3479,0.4963856
3480,0.58213663
3481,0.61629003
3482,0.61939126
3483,0.57600033
3484,0.48889902
3485,0.4373591
3486,0.0937324
3487,0.06790167
3488,-0.017645538
3489,0.05394581
3490,0.23980732
3491,0.40996903
3492,0.4966512
3493,0.5775144
3494,0.6212838
3495,0.6279285
3496,0.58630264
3497,0.4889543
3498,0.3420937
3499,0.16052404
3500,0.018110722
3501,-0.0028456599
3502,0.052850187
3503,0.108324856
3504,0.14602393
3505,0.18712531
3506,0.2894291
3507,0.32904288
3508,0.19860475
3509,0.09519693
3510,0.08638777
3511,0.024676293
3512,0.052163154
3513,0.0107025355
3514,0.0038492084
3515,0.032816052
3516,0.2090765
3517,0.37399867
3518,0.44954574
3519,0.38349876
3520,0.46888798
3521,0.35520422
3522,0.36210445
3523,0.36602885
3524,0.24052621
3525,0.13869222
3526,0.014169559
3527,0.0011951625
3528,0.06463671
3529,0.22876614
3530,0.3935746
3531,0.48772728
3532,0.5472605
3533,0.44756556
3534,0.44449046
3535,0.4128121
3536,0.2835186
3537,0.17854843
3538,0.11188227
3539,0.022150844
3540,-0.004187256
3541,0.059249535
3542,0.20695615
3543,0.3671309
3544,0.4791312
3545,0.52347946
3546,0.3547508
3547,0.3761781
3548,0.35458046
3549,0.3214965
3550,0.30637518
3551,0.1350094
3552,0.026009366
3553,-0.002720356
3554,0.061455578
3555,0.21418008
3556,0.39595175
3557,0.48525265
3558,0.5775883
3559,0.61843085
3560,0.63297033
3561,0.54814553
3562,0.46478003
3563,0.27330357
3564,0.10391419
3565,0.014931694
3566,-0.0009197742
3567,0.06522831
3568,0.22180355
3569,0.40919524
3570,0.49095342
3571,0.5891434
3572,0.6269905
3573,0.62371325
3574,0.55391955
3575,0.45035452
3576,0.29018474
3577,0.11633598
3578,0.0033615232
3579,0.0020947307
3580,0.06924668
3581,0.18394074
3582,0.36226004
3583,0.47004217
3584,0.4997279
3585,0.4737483
3586,0.52715397
3587,0.33669162
3588,0.1738674
3589,0.094282284
3590,0.016845763
3591,0.011853322
3592,0.028556943
3593,0.030702502
3594,0.09897809
3595,0.25196356
3596,0.3428583
3597,0.37202784
3598,0.3506741
3599,0.30200306
3600,0.34498715
3601,0.3121773
3602,0.2080773
3603,0.11030015
3604,0.0059066564
3605,0.010209322
3606,0.05718386
3607,0.076386705
3608,0.1341073
3609,0.18737635
3610,0.12227613
3611,0.068844154
3612,0.15627904
3613,0.093214676
3614,0.03921601
3615,0.05352083
3616,0.04288274
3617,0.008103266
3618,0.004527241
3619,0.025342375
3620,0.09667597
3621,0.20943627
3622,0.1965861
3623,0.25809652
3624,0.22221784
3625,0.19703114
3626,0.13105874
3627,0.1214289
3628,0.04029782
3629,0.05300714
3630,0.0008264184
3631,0.0014984012
3632,0.057446152
3633,0.08403179
3634,0.06876075
3635,0.07620384
3636,0.14002077
3637,0.19136208
3638,0.17997727
3639,0.071020186
3640,0.049447984
3641,0.043130994
3642,-0.006344512
3643,0.09383881
3644,0.30860054
3645,0.32816964
3646,0.4330071
3647,0.46072507
3648,0.39699286
3649,0.2891732
3650,0.27868816
3651,0.2303485
3652,0.045766637
3653,0.00592573
3654,0.023523524
3655,0.048104644
3656,0.102695286
3657,0.22023088
3658,0.28529748
3659,0.21071449
3660,0.19020188
3661,0.30804744
3662,0.27837223
3663,0.18175213
3664,0.11571152
3665,0.05559893
3666,-0.0012466311
3667,0.014105916
3668,0.04124391
3669,0.046042204
3670,0.10663851
3671,0.15807495
3672,0.15088427
3673,0.10176269
3674,0.16496116
3675,0.09807113
3676,0.08981462
3677,0.05822505
3678,0.06385374
3679,-0.0054624677
3680,0.012360156
3681,0.11157896
3682,0.3316379
3683,0.36606428
3684,0.27570692
3685,0.3615005
3686,0.42300797
3687,0.3055651
3688,0.22463588
3689,0.1266521
3690,0.012365669
3691,0.007886857
3692,0.049430907
3693,0.07357694
3694,0.11164965
3695,0.18317626
3696,0.15550882
3697,0.24991691
3698,0.24861464
3699,0.18770278
3700,0.0729301
3701,0.055213958
3702,-0.006047398
3703,0.01756683
3704,0.11844118
3705,0.2944013
3706,0.34443635
3707,0.37335855
3708,0.40134078
3709,0.35618705
3710,0.28500575
3711,0.18494865
3712,0.14323534
3713,0.042445734
3714,0.009708792
3715,0.010280311
3716,0.11125183
3717,0.25106633
3718,0.30104768
3719,0.36530554
3720,0.30706745
3721,0.2699942
3722,0.13273393
3723,0.096326426
3724,0.059082195
3725,0.013956338
3726,0.0069355667
3727,0.035844564
3728,0.120450586
3729,0.20881097
3730,0.16380304
3731,0.11487971
3732,0.21178791
3733,0.116018504
3734,0.07006958
3735,0.05279252
3736,0.02387762
3737,-0.0033726692
3738,0.070319384
3739,0.14067729
3740,0.15121299
3741,0.20198694
3742,0.19660366
3743,0.26443696
3744,0.21140042
3745,0.26848376
3746,0.080203146
3747,0.074594185
3748,-0.010332614
3749,0.0182029
3750,0.08195618
3751,0.0810194
3752,0.06592086
3753,0.061233014
3754,0.106676415
3755,0.15997402
3756,0.1477622
3757,0.08157572
3758,0.02669482
3759,0.004400313
3760,0.050227642
3761,0.114277385
3762,0.13039538
3763,0.1465635
3764,0.10814174
3765,0.14178848
3766,0.14832404
3767,0.13339862
3768,0.07042815
3769,0.024966136
3770,-0.00048348308
3771,0.03406231
3772,0.10040932
3773,0.19552566
3774,0.203428
3775,0.16536498
3776,0.21128462
3777,0.14317581
3778,0.077125624
3779,0.051497623
3780,0.009784043
3781,0.0205473
3782,0.03351155
3783,0.10497315
3784,0.08595835
3785,0.20047274
3786,0.29146326
3787,0.33020836
3788,0.2457644
3789,0.16519228
3790,0.13820368
3791,0.0211941
3792,0.0006996989
3793,0.088641495
3794,0.2937135
3795,0.40439916
3796,0.49912682
3797,0.4748854
3798,0.41688365
3799,0.33346283
3800,0.26646438
3801,0.15491863
3802,0.03135191
3803,-0.007579416
3804,0.0565342
3805,0.09923514
3806,0.1361746
3807,0.09855547
3808,0.12749167
3809,0.09052476
3810,0.117418244
3811,0.08793436
3812,0.02766867
3813,0.009683102
3814,0.009119794
3815,0.069992706
3816,0.2298092
3817,0.2781611
3818,0.32106394
3819,0.37078786
3820,0.20115861
3821,0.08269876
3822,0.12178646
3823,0.0681684
3824,0.022326663
3825,-0.0003412515
3826,0.04211612
3827,0.15586108
3828,0.23205988
3829,0.40189445
3830,0.50162053
3831,0.42086238
3832,0.2691979
3833,0.15389834
3834,0.079466805
3835,-0.00057153404
3836,0.017235562
3837,0.070914924
3838,0.17180654
3839,0.22156753
3840,0.2965542
3841,0.4638859
3842,0.34943604
3843,0.33876023
3844,0.22906415
3845,0.07642873
3846,0.014614657
3847,0.004308492
3848,0.059106782
3849,0.09438735
3850,0.13270694
3851,0.08422682
3852,0.16178896
3853,0.11005117
3854,0.0914866
3855,0.033944964
3856,0.04203525
3857,0.05090505
3858,-0.0005542785
3859,0.049423605
3860,0.1822653
3861,0.09570226
3862,0.09197253
3863,0.09609176
3864,0.11035142
3865,0.06373428
3866,0.025412455
3867,0.022383928
3868,0.006546885
3869,0.010567874
3870,0.03715475
3871,0.18703109
3872,0.3738709
3873,0.3605588
3874,0.35617483
3875,0.22780684
3876,0.114213005
3877,0.1268298
3878,0.10827654
3879,0.010274932
3880,0.0061545074
3881,0.058682308
3882,0.11922942
3883,0.16387068
3884,0.29456136
3885,0.29983848
3886,0.39941823
3887,0.27570373
3888,0.11813104
3889,0.15330699
3890,0.010108471
3891,0.0017619431
3892,0.059938103
3893,0.09652963
3894,0.21527585
3895,0.3258227
3896,0.24779814
3897,0.13542359
3898,0.11230318
3899,0.12328507
3900,0.039822936
3901,0.031787604
3902,-0.0069424063
3903,0.040273264
3904,0.05718276
3905,0.061101243
3906,0.087014124
3907,0.03256759
3908,0.13404527
3909,0.09597716
3910,0.10533244
3911,0.026126951
3912,0.014098555
3913,0.022121847
3914,0.037724912
3915,0.12083514
3916,0.16397828
3917,0.09777163
3918,0.10621277
3919,0.088871956
3920,0.079570144
3921,0.054596394
3922,0.015822724
3923,0.0021434724
3924,0.0097378045
3925,0.029583782
3926,0.097089335
3927,0.21253103
3928,0.30951804
3929,0.20502058
3930,0.18107355
3931,0.2948515
3932,0.21521716
3933,0.13261369
3934,0.018324628
3935,0.009688854
3936,0.055748343
3937,0.112405404
3938,0.28751558
3939,0.3606739
3940,0.33353364
3941,0.16246298
3942,0.3405372
3943,0.29589662
3944,0.08241685
3945,0.017640471
3946,0.020186454
3947,0.05236566
3948,0.06283578
3949,0.101326585
3950,0.35200387
3951,0.46423677
3952,0.47405487
3953,0.30977198
3954,0.21739563
3955,0.07160537
3956,0.0023936331
3957,0.013810635
3958,0.06168148
3959,0.16641474
3960,0.3267713
3961,0.3616075
3962,0.43815315
3963,0.4096766
3964,0.22241795
3965,0.072646186
3966,0.045171633
3967,0.003519699
3968,0.019269824
3969,0.046884432
3970,0.17799097
3971,0.38344702
3972,0.4446026
3973,0.4245125
3974,0.37946215
3975,0.30724138
3976,0.23967253
3977,0.04675874
3978,0.00884375
3979,0.019839883
3980,0.051249474
3981,0.09155044
3982,0.17851073
3983,0.21462563
3984,0.19044007
3985,0.1721327
3986,0.1969747
3987,0.23078951
3988,0.106092155
3989,0.023811221
3990,0.008988276
3991,0.06761713
3992,0.19061737
3993,0.3752496
3994,0.47257647
3995,0.47764575
3996,0.32191798
3997,0.24705236
3998,0.17710602
3999,0.039900362
4000,-0.0012301356
4001,0.032442495
4002,0.045288414
4003,0.13283312
4004,0.31296012
4005,0.45439103
4006,0.4924778
4007,0.41701475
4008,0.3564078
4009,0.17190489
4010,0.06871405
4011,-0.00050598383
4012,0.019785345
4013,0.05511245
4014,0.09155896
4015,0.12910773
4016,0.2039904
4017,0.22325818
4018,0.30318952
4019,0.32375208
4020,0.26780382
4021,0.075137764
4022,0.009236366
4023,0.02612874
4024,0.055365488
4025,0.18083361
4026,0.34453255
4027,0.45210674
4028,0.49935344
4029,0.47280872
4030,0.36290583
4031,0.18647596
4032,0.05766666
4033,0.0023978949
4034,0.021320641
4035,0.071805045
4036,0.059682876
4037,0.053761408
4038,0.07523948
4039,0.10691446
4040,0.07871953
4041,0.029253826
4042,0.017140672
4043,0.0032365322
4044,0.01866819
4045,0.08430162
4046,0.091030434
4047,0.23952162
4048,0.3791204
4049,0.35435542
4050,0.19670728
4051,0.07242872
4052,0.031665027
4053,-0.00050735474
4054,0.0317266
4055,0.097202316
4056,0.1742047
4057,0.09909885
4058,0.1205412
4059,0.06674102
4060,0.09447172
4061,0.053490654
4062,0.012543067
4063,0.0014303923
4064,0.021231174
4065,0.07188833
4066,0.11485113
4067,0.1477205
4068,0.18898113
4069,0.15828602
4070,0.28207272
4071,0.17259407
4072,0.051392302
4073,0.008499801
4074,0.07535055
4075,0.16014174
4076,0.17943053
4077,0.19530013
4078,0.14036149
4079,0.15504314
4080,0.14668374
4081,0.025073156
4082,0.013566092
4083,0.033369526
4084,0.108487055
4085,0.1282368
4086,0.12589794
4087,0.16127537
4088,0.20203222
4089,0.06949715
4090,0.027123347
4091,0.0113808215
4092,0.04884523
4093,0.053306863
4094,0.030288517
4095,0.097940594
4096,0.22891
4097,0.35376745
4098,0.123239644
4099,0.05083771
4100,0.013929278
4101,0.099532984
4102,0.29698944
4103,0.41421935
4104,0.4571805
4105,0.4095667
4106,0.29736412
4107,0.15555902
4108,0.035315737
4109,5.3346157e-05
4110,0.07434419
4111,0.22993627
4112,0.30346435
4113,0.3385463
4114,0.30840594
4115,0.24598718
4116,0.14964873
4117,0.03004989
4118,0.0018041581
4119,0.09302221
4120,0.28402153
4121,0.40900376
4122,0.46670353
4123,0.4367818
4124,0.3498076
4125,0.18534665
4126,0.03267567
4127,0.00017745793
4128,0.07313104
4129,0.18151027
4130,0.069294155
4131,0.057716385
4132,0.0486992
4133,0.06914064
4134,0.03000313
4135,0.041985065
4136,0.0017296672
4137,0.038406253
4138,0.14896718
4139,0.24170785
4140,0.27958623
4141,0.2682724
4142,0.21824142
4143,0.14174332
4144,0.03205219
4145,-0.002056539
4146,0.06677064
4147,0.13493773
4148,0.1859078
4149,0.15326089
4150,0.15776962
4151,0.16655149
4152,0.08818337
4153,0.023586169
4154,0.0041502267
4155,0.032364696
4156,0.072363496
4157,0.12103729
4158,0.12243605
4159,0.16716295
4160,0.1422512
4161,0.039701074
4162,0.025626123
4163,0.008784294
4164,0.020948812
4165,0.04053986
4166,0.11426312
4167,0.06479709
4168,0.055965587
4169,0.023210645
4170,0.08486405
4171,-0.0010501891
4172,0.010101289
4173,0.08992779
4174,0.25209886
4175,0.2522443
4176,0.26807535
4177,0.2559631
4178,0.20925036
4179,0.119139865
4180,0.0220398
4181,0.00093853474
4182,0.07697341
4183,0.24350613
4184,0.3530091
4185,0.38118833
4186,0.30600163
4187,0.13859206
4188,0.051252216
4189,0.020512164
4190,0.008960038
4191,0.03710565
4192,0.050373614
4193,0.04896839
4194,0.038258523
4195,0.016441897
4196,0.027533263
4197,0.016764581
4198,0.009117246
4199,0.008312821
4200,0.037845224
4201,0.19244057
4202,0.31892347
4203,0.39416236
4204,0.36717242
4205,0.26130456
4206,0.08506253
4207,0.026062697
4208,-0.00035190582
4209,0.07512836
4210,0.2351688
4211,0.36749253
4212,0.42516682
4213,0.38540548
4214,0.27244884
4215,0.08511016
4216,0.014501095
4217,0.0042566657
4218,0.061520457
4219,0.10781263
4220,0.15844373
4221,0.17738368
4222,0.13046153
4223,0.13179775
4224,0.10282047
4225,0.027847633
4226,0.0071059167
4227,0.05888225
4228,0.18787509
4229,0.31682724
4230,0.41136175
4231,0.28677723
4232,0.22606497
4233,0.06859107
4234,0.020072415
4235,-0.0009754896
4236,0.049161702
4237,0.07019314
4238,0.0829761
4239,0.07325418
4240,0.09554
4241,0.13047117
4242,0.018302858
4243,0.02831696
4244,0.008494258
4245,0.03996636
4246,0.15112153
4247,0.18915264
4248,0.187646
4249,0.13622472
4250,0.07518801
4251,0.078457415
4252,-0.00045898557
4253,-0.000115484
4254,0.049701154
4255,0.1882429
4256,0.2634613
4257,0.29468822
4258,0.31830335
4259,0.22231686
4260,0.069972485
4261,0.025935471
4262,0.00052310526
4263,0.044382334
4264,0.07001594
4265,0.10095856
4266,0.07734516
4267,0.04899709
4268,0.05243221
4269,0.0055170655
4270,0.011105493
4271,0.0042025
4272,0.026579514
4273,0.094821155
4274,0.121056974
4275,0.11416091
4276,0.116886415
4277,0.06787367
4278,0.021248877
4279,0.009746179
4280,0.010207802
4281,0.030145139
4282,0.06697652
4283,0.09437762
4284,0.046850383
4285,0.037111074
4286,0.03211096
4287,0.0067687333
4288,0.006215796
4289,0.013288423
4290,0.02489911
4291,0.123734504
4292,0.20853922
4293,0.21323487
4294,0.15974069
4295,0.1634749
4296,0.07526149
4297,0.013927296
4298,0.007880196
4299,0.051343337
4300,0.17759864
4301,0.29638192
4302,0.36765617
4303,0.33816007
4304,0.24384567
4305,0.08343135
4306,0.010741368
4307,0.007834345
4308,0.05496922
4309,0.06749119
4310,0.10139363
4311,0.08954257
4312,0.0826069
4313,0.06367388
4314,0.043080926
4315,0.0025776625
4316,0.0034186393
4317,0.030706733
4318,0.1294695
4319,0.19985868
4320,0.2172365
4321,0.15792273
4322,0.13404296
4323,0.06612027
4324,0.009445488
4325,0.005607724
4326,0.043914855
4327,0.12842101
4328,0.20782796
4329,0.25136742
4330,0.24530062
4331,0.18606356
4332,0.07370818
4333,0.015437901
4334,0.005446762
4335,0.04957065
4336,0.15769416
4337,0.28708726
4338,0.3516565
4339,0.3163893
4340,0.22791947
4341,0.07583073
4342,0.015429348
4343,0.0028818846
4344,0.052581787
4345,0.122683
4346,0.20623599
4347,0.25124893
4348,0.16849943
4349,0.096039474
4350,0.039660826
4351,0.0068510473
4352,0.010593891
4353,0.04548888
4354,0.048948154
4355,0.03544882
4356,0.018181711
4357,0.021969482
4358,0.018990368
4359,0.009046465
4360,0.008203968
4361,0.014018297
4362,0.05305086
4363,0.060102895
4364,0.057409763
4365,0.116748475
4366,0.034030974
4367,0.028351143
4368,0.0018882155
4369,0.0092393905
4370,0.031753346
4371,0.052109808
4372,0.124558896
4373,0.157869
4374,0.12489146
4375,0.09971225
4376,0.020975247
4377,0.009128749
4378,0.07449478
4379,0.11120864
4380,0.08701381
4381,0.04972127
4382,0.026541114
4383,0.012298375
4384,0.019203767
4385,0.005273327
4386,0.022818923
4387,0.13551854
4388,0.20781249
4389,0.28330386
4390,0.23805247
4391,0.16777727
4392,0.04319951
4393,0.0036675185
4394,0.030263394
4395,0.057728916
4396,0.07570401
4397,0.085237786
4398,0.10908529
4399,0.066458225
4400,0.032912567
4401,0.003939986
4402,0.00733532
4403,0.02707456
4404,0.11288345
4405,0.22120075
4406,0.2624439
4407,0.21709935
4408,0.10652534
4409,0.03538388
4410,0.009860903
4411,0.013724357
4412,0.04893565
4413,0.046845376
4414,0.03389415
4415,0.02767858
4416,0.030236125
4417,0.026458263
4418,0.008830473
4419,0.008431703
4420,0.07052922
4421,0.1889195
4422,0.09563576
4423,0.07066527
4424,0.026656508
4425,0.060323402
4426,0.035782814
4427,0.0037136078
4428,0.10846397
4429,0.22818309
4430,0.27312812
4431,0.20947948
4432,0.14851283
4433,0.03548038
4434,0.020947486
4435,0.010896057
4436,0.046830803
4437,0.06042312
4438,0.06693801
4439,0.029787898
4440,0.019813895
4441,0.014155149
4442,0.007250279
4443,0.03845246
4444,0.09433037
4445,0.24174666
4446,0.22119439
4447,0.109827414
4448,0.040939346
4449,0.007355422
4450,0.019403487
4451,0.10946759
4452,0.23390292
4453,0.2933795
4454,0.2460062
4455,0.13882682
4456,0.10182126
4457,0.002649933
4458,-0.0008803159
4459,0.047709256
4460,0.12366493
4461,0.19504702
4462,0.19591247
4463,0.14499179
4464,0.086190596
4465,0.019199267
4466,0.007944286
4467,0.021034658
4468,0.032714188
4469,0.04058595
4470,0.044916302
4471,0.13464518
4472,0.051242903
4473,0.036632985
4474,0.005551517
4475,0.0029060543
4476,0.055697367
4477,0.10258087
4478,0.15484363
4479,0.08536282
4480,0.053001583
4481,0.030071348
4482,-0.0002785623
4483,0.010345474
4484,0.054027602
4485,0.080736056
4486,0.056621462
4487,0.02112472
4488,0.01996325
4489,0.013941944
4490,0.0090225935
4491,0.009333789
4492,0.046245486
4493,0.107118085
4494,0.097518556
4495,0.13458344
4496,0.10126596
4497,0.042658344
4498,0.018825725
4499,-0.0017172694
4500,0.046746925
4501,0.12939821
4502,0.21564521
4503,0.18052226
4504,0.09189755
4505,0.03452386
4506,0.016848102
4507,0.008408979
4508,0.046987057
4509,0.069750935
4510,0.06908597
4511,0.060769945
4512,0.0641678
4513,0.045295894
4514,0.0050571263
4515,0.0054927766
4516,0.054730892
4517,0.10045956
4518,0.081168145
4519,0.045904085
4520,0.01698035
4521,0.053931355
4522,0.018514961
4523,0.0068303198
4524,0.03434989
4525,0.052882075
4526,0.06219414
4527,0.04938072
4528,0.043171257
4529,0.016163588
4530,0.006372392
4531,0.009500146
4532,0.08828163
4533,0.1775116
4534,0.2406792
4535,0.236544
4536,0.105209514
4537,0.09501132
4538,-0.0003145188
4539,0.005946085
4540,0.11176434
4541,0.21728176
4542,0.2047258
4543,0.17905596
4544,0.100411266
4545,0.031264126
4546,0.02837488
4547,-0.0044882596
4548,0.10755738
4549,0.2575252
4550,0.3316475
4551,0.34014007
4552,0.2423517
4553,0.1054655
4554,0.018708378
4555,0.0007238388
4556,0.063518465
4557,0.08291651
4558,0.07812978
4559,0.087310225
4560,0.11368472
4561,0.031050444
4562,0.02174148
